countryName	officialEnglishName	officialFrenchName	otherCountryNames	iso2Code	iso3Code	phoneCode	fifaCode	fipsCode	GAUL	iocCode	currencyCode	isoCurrencyCountryName	currencyName	currencyNumericCode	isIndependant	capitalCityName	continentCode	tldCode	languages	geonameId
Afghanistan	Afghanistan	Afghanistan		AF	AFG	93	AFG	AF	1	AFG	AFN	AFGHANISTAN	Afghani	971	Yes	Kabul	AS	.af	"fa-AF,ps,uz-AF,tk"	1149361
Albania	Albania	Albanie		AL	ALB	355	ALB	AL	3	ALB	ALL	ALBANIA	Lek	8	Yes	Tirana	EU	.al	"sq,el"	783754
Algeria	Algeria	Algérie		DZ	DZA	213	ALG	AG	4	ALG	DZD	ALGERIA	Algerian Dinar	12	Yes	Algiers	AF	.dz	ar-DZ	2589581
American Samoa	American Samoa	Samoa américaines		AS	ASM	1-684	ASA	AQ	5	ASA	USD	AMERICAN SAMOA	US Dollar	840	Territory of US	Pago Pago	OC	.as	"en-AS,sm,to"	5880801
Andorra	Andorra	Andorre		AD	AND	376	AND	AN	7	AND	EUR	ANDORRA	Euro	978	Yes	Andorra la Vella	EU	.ad	ca	3041565
Angola	Angola	Angola		AO	AGO	244	ANG	AO	8	ANG	AOA	ANGOLA	Kwanza	973	Yes	Luanda	AF	.ao	pt-AO	3351879
Anguilla	Anguilla	Anguilla		AI	AIA	1-264	AIA	AV	9	AIA	XCD	ANGUILLA	East Caribbean Dollar	951	Territory of GB	The Valley	NA	.ai	en-AI	3573511
Antarctica	Antarctica			AQ	ATA	672	ROS	AY	10						International		AN	.aq		6697173
Antigua & Barbuda	Antigua and Barbuda	Antigua-et-Barbuda		AG	ATG	1-268	ATG	AC	11	ANT	XCD	ANTIGUA AND BARBUDA	East Caribbean Dollar	951	Yes	St. John's	NA	.ag	en-AG	3576396
Argentina	Argentina	Argentine		AR	ARG	54	ARG	AR	12	ARG	ARS	ARGENTINA	Argentine Peso	32	Yes	Buenos Aires	SA	.ar	"es-AR,en,it,de,fr,gn"	3865483
Armenia	Armenia	Arménie		AM	ARM	374	ARM	AM	13	ARM	AMD	ARMENIA	Armenian Dram	51	Yes	Yerevan	AS	.am	hy	174982
Aruba	Aruba	Aruba		AW	ABW	297	ARU	AA	14	ARU	AWG	ARUBA	Aruban Florin	533	Part of NL	Oranjestad	NA	.aw	"nl-AW,es,en"	3577279
Australia	Australia	Australie		AU	AUS	61	AUS	AS	17	AUS	AUD	AUSTRALIA	Australian Dollar	36	Yes	Canberra	OC	.au	en-AU	2077456
Austria	Austria	Autriche		AT	AUT	43	AUT	AU	18	AUT	EUR	AUSTRIA	Euro	978	Yes	Vienna	EU	.at	"de-AT,hr,hu,sl"	2782113
Azerbaijan	Azerbaijan	Azerbaïdjan		AZ	AZE	994	AZE	AJ	19	AZE	AZN	AZERBAIJAN	Azerbaijanian Manat	944	Yes	Baku	AS	.az	"az,ru,hy"	587116
Bahamas	Bahamas	Bahamas		BS	BHS	1-242	BAH	BF	20	BAH	BSD	BAHAMAS	Bahamian Dollar	44	Yes	Nassau	NA	.bs	en-BS	3572887
Bahrain	Bahrain	Bahreïn		BH	BHR	973	BHR	BA	21	BRN	BHD	BAHRAIN	Bahraini Dinar	48	Yes	Manama	AS	.bh	"ar-BH,en,fa,ur"	290291
Bangladesh	Bangladesh	Bangladesh		BD	BGD	880	BAN	BG	23	BAN	BDT	BANGLADESH	Taka	50	Yes	Dhaka	AS	.bd	"bn-BD,en"	1210997
Barbados	Barbados	Barbade		BB	BRB	1-246	BRB	BB	24	BAR	BBD	BARBADOS	Barbados Dollar	52	Yes	Bridgetown	NA	.bb	en-BB	3374084
Belarus	Belarus	Bélarus		BY	BLR	375	BLR	BO	26	BLR	BYR	BELARUS	Belarussian Ruble	974	Yes	Minsk	EU	.by	"be,ru"	630336
Belgium	Belgium	Belgique		BE	BEL	32	BEL	BE	27	BEL	EUR	BELGIUM	Euro	978	Yes	Brussels	EU	.be	"nl-BE,fr-BE,de-BE"	2802361
Belize	Belize	Belize		BZ	BLZ	501	BLZ	BH	28	BIZ	BZD	BELIZE	Belize Dollar	84	Yes	Belmopan	NA	.bz	"en-BZ,es"	3582678
Benin	Benin	Bénin		BJ	BEN	229	BEN	BN	29	BEN	XOF	BENIN	CFA Franc BCEAO	952	Yes	Porto-Novo	AF	.bj	fr-BJ	2395170
Bermuda	Bermuda	Bermudes		BM	BMU	1-441	BER	BD	30	BER	BMD	BERMUDA	Bermudian Dollar	60	Territory of GB	Hamilton	NA	.bm	"en-BM,pt"	3573345
Bhutan	Bhutan	Bhoutan		BT	BTN	975	BHU	BT	31	BHU	INR	BHUTAN	Indian Rupee	356	Yes	Thimphu	AS	.bt	dz	1252634
Bolivia	Bolivia (Plurinational State of)	Bolivie (État plurinational de)		BO	BOL	591	BOL	BL	33	BOL	BOB	"BOLIVIA, PLURINATIONAL STATE OF"	Boliviano	68	Yes	Sucre	SA	.bo	"es-BO,qu,ay"	3923057
Bosnia	Bosnia and Herzegovina	Bosnie-Herzégovine		BA	BIH	387	BIH	BK	34	BIH	BAM	BOSNIA AND HERZEGOVINA	Convertible Mark	977	Yes	Sarajevo	EU	.ba	"bs,hr-BA,sr-BA"	3277605
Botswana	Botswana	Botswana		BW	BWA	267	BOT	BC	35	BOT	BWP	BOTSWANA	Pula	72	Yes	Gaborone	AF	.bw	"en-BW,tn-BW"	933860
Bouvet Island				BV	BVT	47		BV	36						Territory of NO		AN	.bv		3371123
Brazil	Brazil	Brésil		BR	BRA	55	BRA	BR	37	BRA	BRL	BRAZIL	Brazilian Real	986	Yes	Brasilia	SA	.br	"pt-BR,es,en,fr"	3469034
British Indian Ocean Territory				IO	IOT	246		IO	38						Territory of GB	Diego Garcia	AS	.io	en-IO	1282588
British Virgin Islands	British Virgin Islands	Îles Vierges britanniques		VG	VGB	1-284	VGB	VI	39	IVB	USD	VIRGIN ISLANDS (BRITISH)	US Dollar	840	Territory of GB	Road Town	NA	.vg	en-VG	3577718
Brunei	Brunei Darussalam	Brunéi Darussalam		BN	BRN	673	BRU	BX	40	BRU	BND	BRUNEI DARUSSALAM	Brunei Dollar	96	Yes	Bandar Seri Begawan	AS	.bn	"ms-BN,en-BN"	1820814
Bulgaria	Bulgaria	Bulgarie		BG	BGR	359	BUL	BU	41	BUL	BGN	BULGARIA	Bulgarian Lev	975	Yes	Sofia	EU	.bg	"bg,tr-BG,rom"	732800
Burkina Faso	Burkina Faso	Burkina Faso		BF	BFA	226	BFA	UV	42	BUR	XOF	BURKINA FASO	CFA Franc BCEAO	952	Yes	Ouagadougou	AF	.bf	fr-BF	2361809
Burundi	Burundi	Burundi		BI	BDI	257	BDI	BY	43	BDI	BIF	BURUNDI	Burundi Franc	108	Yes	Bujumbura	AF	.bi	"fr-BI,rn"	433561
Cambodia	Cambodia	Cambodge		KH	KHM	855	CAM	CB	44	CAM	KHR	CAMBODIA	Riel	116	Yes	Phnom Penh	AS	.kh	"km,fr,en"	1831722
Cameroon	Cameroon	Cameroun		CM	CMR	237	CMR	CM	45	CMR	XAF	CAMEROON	CFA Franc BEAC	950	Yes	Yaounde	AF	.cm	"en-CM,fr-CM"	2233387
Canada	Canada	Canada		CA	CAN	1	CAN	CA	46	CAN	CAD	CANADA	Canadian Dollar	124	Yes	Ottawa	NA	.ca	"en-CA,fr-CA,iu"	6251999
Cape Verde	Cabo Verde	Cabo Verde		CV	CPV	238	CPV	CV	47	CPV	CVE	CABO VERDE	Cabo Verde Escudo	132	Yes	Praia	AF	.cv	pt-CV	3374766
Caribbean Netherlands	"Bonaire, Sint Eustatius and Saba"	"Bonaire, Saint-Eustache et Saba"		BQ	BES	599	ANT	NL	176	AHO	USD	"BONAIRE, SINT EUSTATIUS AND SABA"	US Dollar	840	Part of NL		NA	.bq	"nl,pap,en"	7626844
Cayman Islands	Cayman Islands	Îles Caïmanes		KY	CYM	1-345	CAY	CJ	48	CAY	KYD	CAYMAN ISLANDS	Cayman Islands Dollar	136	Territory of GB	George Town	NA	.ky	en-KY	3580718
Central African Republic	Central African Republic	République centrafricaine		CF	CAF	236	CTA	CT	49	CAF	XAF	CENTRAL AFRICAN REPUBLIC	CFA Franc BEAC	950	Yes	Bangui	AF	.cf	"fr-CF,sg,ln,kg"	239880
Chad	Chad	Tchad		TD	TCD	235	CHA	CD	50	CHA	XAF	CHAD	CFA Franc BEAC	950	Yes	N'Djamena	AF	.td	"fr-TD,ar-TD,sre"	2434508
Chile	Chile	Chili		CL	CHL	56	CHI	CI	51	CHI	CLP	CHILE	Chilean Peso	152	Yes	Santiago	SA	.cl	es-CL	3895114
China	China	Chine		CN	CHN	86	CHN	CH	53	CHN	CNY	CHINA	Yuan Renminbi	156	Yes	Beijing	AS	.cn	"zh-CN,yue,wuu,dta,ug,za"	1814991
Christmas Island				CX	CXR	61	CXR	KT	54						Territory of AU	Flying Fish Cove	AS	.cx	"en,zh,ms-CC"	2078138
Cocos (Keeling) Islands				CC	CCK	61	CCK	CK	56						Territory of AU	West Island	AS	.cc	"ms-CC,en"	1547376
Colombia	Colombia	Colombie		CO	COL	57	COL	CO	57	COL	COP	COLOMBIA	Colombian Peso	170	Yes	Bogota	SA	.co	es-CO	3686110
Comoros	Comoros	Comores		KM	COM	269	COM	CN	58	COM	KMF	COMOROS	Comoro Franc	174	Yes	Moroni	AF	.km	"ar,fr-KM"	921929
Congo - Brazzaville	Congo	Congo		CG	COG	242	CGO	CF	59	CGO	XAF	CONGO	CFA Franc BEAC	950	Yes	Brazzaville	AF	.cg	"fr-CG,kg,ln-CG"	2260494
Congo - Kinshasa	Democratic Republic of the Congo	République démocratique du Congo		CD	COD	243	COD	CG	68	COD					Yes	Kinshasa	AF	.cd	"fr-CD,ln,kg"	203312
Cook Islands	Cook Islands	Îles Cook		CK	COK	682	COK	CW	60	COK	NZD	COOK ISLANDS	New Zealand Dollar	554	Associated with NZ	Avarua	OC	.ck	"en-CK,mi"	1899402
Costa Rica	Costa Rica	Costa Rica		CR	CRI	506	CRC	CS	61	CRC	CRC	COSTA RICA	Costa Rican Colon	188	Yes	San Jose	NA	.cr	"es-CR,en"	3624060
Croatia	Croatia	Croatie		HR	HRV	385	CRO	HR	62	CRO	HRK	CROATIA	Croatian Kuna	191	Yes	Zagreb	EU	.hr	"hr-HR,sr"	3202326
Cuba	Cuba	Cuba		CU	CUB	53	CUB	CU	63	CUB	CUP	CUBA	Cuban Peso	192	Yes	Havana	NA	.cu	es-CU	3562981
Curaçao	Curaçao	Curaçao		CW	CUW	599		UC			ANG	CURAÇAO	Netherlands Antillean Guilder	532	Part of NL	Willemstad	NA	.cw	"nl,pap"	7626836
Cyprus	Cyprus	Chypre		CY	CYP	357	CYP	CY	64	CYP	EUR	CYPRUS	Euro	978	Yes	Nicosia	EU	.cy	"el-CY,tr-CY,en"	146669
Czech Republic	Czechia	Tchéquie		CZ	CZE	420	CZE	EZ	65	CZE					Yes	Prague	EU	.cz	"cs,sk"	3077311
Côte d’Ivoire	Côte d'Ivoire	Côte d'Ivoire		CI	CIV	225	CIV	IV	66	CIV	XOF	CÔTE D'IVOIRE	CFA Franc BCEAO	952	Yes	Yamoussoukro	AF	.ci	fr-CI	2287781
Denmark	Denmark	Danemark		DK	DNK	45	DEN	DA	69	DEN	DKK	DENMARK	Danish Krone	208	Yes	Copenhagen	EU	.dk	"da-DK,en,fo,de-DK"	2623032
Djibouti	Djibouti	Djibouti		DJ	DJI	253	DJI	DJ	70	DJI	DJF	DJIBOUTI	Djibouti Franc	262	Yes	Djibouti	AF	.dj	"fr-DJ,ar,so-DJ,aa"	223816
Dominica	Dominica	Dominique		DM	DMA	1-767	DMA	DO	71	DMA	XCD	DOMINICA	East Caribbean Dollar	951	Yes	Roseau	NA	.dm	en-DM	3575830
Dominican Republic	Dominican Republic	République dominicaine		DO	DOM	"1-809,1-829,1-849"	DOM	DR	72	DOM	DOP	DOMINICAN REPUBLIC	Dominican Peso	214	Yes	Santo Domingo	NA	.do	es-DO	3508796
Ecuador	Ecuador	Équateur		EC	ECU	593	ECU	EC	73	ECU	USD	ECUADOR	US Dollar	840	Yes	Quito	SA	.ec	es-EC	3658394
Egypt	Egypt	Égypte		EG	EGY	20	EGY	EG	40765	EGY	EGP	EGYPT	Egyptian Pound	818	Yes	Cairo	AF	.eg	"ar-EG,en,fr"	357994
El Salvador	El Salvador	El Salvador		SV	SLV	503	SLV	ES	75	ESA	USD	EL SALVADOR	US Dollar	840	Yes	San Salvador	NA	.sv	es-SV	3585968
Equatorial Guinea	Equatorial Guinea	Guinée équatoriale		GQ	GNQ	240	EQG	EK	76	GEQ	XAF	EQUATORIAL GUINEA	CFA Franc BEAC	950	Yes	Malabo	AF	.gq	"es-GQ,fr"	2309096
Eritrea	Eritrea	Érythrée		ER	ERI	291	ERI	ER	77	ERI	ERN	ERITREA	Nakfa	232	Yes	Asmara	AF	.er	"aa-ER,ar,tig,kun,ti-ER"	338010
Estonia	Estonia	Estonie		EE	EST	372	EST	EN	78	EST	EUR	ESTONIA	Euro	978	Yes	Tallinn	EU	.ee	"et,ru"	453733
Ethiopia	Ethiopia	Éthiopie		ET	ETH	251	ETH	ET	79	ETH	ETB	ETHIOPIA	Ethiopian Birr	230	Yes	Addis Ababa	AF	.et	"am,en-ET,om-ET,ti-ET,so-ET,sid"	337996
Falkland Islands	Falkland Islands (Malvinas)	Îles Falkland (Malvinas)		FK	FLK	500	FLK	FK	81	FLK	FKP	FALKLAND ISLANDS (MALVINAS)	Falkland Islands Pound	238	Territory of GB	Stanley	SA	.fk	en-FK	3474414
Faroe Islands	Faeroe Islands	Îles Féroé		FO	FRO	298	FRO	FO	82	FAR					Part of DK	Torshavn	EU	.fo	"fo,da-FO"	2622320
Fiji	Fiji	Fidji		FJ	FJI	679	FIJ	FJ	83	FIJ	FJD	FIJI	Fiji Dollar	242	Yes	Suva	OC	.fj	"en-FJ,fj"	2205218
Finland	Finland	Finlande		FI	FIN	358	FIN	FI	84	FIN	EUR	FINLAND	Euro	978	Yes	Helsinki	EU	.fi	"fi-FI,sv-FI,smn"	660013
France	France	France		FR	FRA	33	FRA	FR	85	FRA	EUR	FRANCE	Euro	978	Yes	Paris	EU	.fr	"fr-FR,frp,br,co,ca,eu,oc"	3017382
French Guiana	French Guiana	Guyane française		GF	GUF	594	GUF	FG	86	FGU	EUR	FRENCH GUIANA	Euro	978	Part of FR	Cayenne	SA	.gf	fr-GF	3381670
French Polynesia	French Polynesia	Polynésie française		PF	PYF	689	TAH	FP	87	FPO	XPF	FRENCH POLYNESIA	CFP Franc	953	Territory of FR	Papeete	OC	.pf	"fr-PF,ty"	4030656
French Southern Territories				TF	ATF	262		FS	88						Territory of FR	Port-aux-Francais	AN	.tf	fr	1546748
Gabon	Gabon	Gabon		GA	GAB	241	GAB	GB	89	GAB	XAF	GABON	CFA Franc BEAC	950	Yes	Libreville	AF	.ga	fr-GA	2400553
Gambia	Gambia	Gambie		GM	GMB	220	GAM	GA	90	GAM	GMD	GAMBIA	Dalasi	270	Yes	Banjul	AF	.gm	"en-GM,mnk,wof,wo,ff"	2413451
Georgia	Georgia	Géorgie		GE	GEO	995	GEO	GG	92	GEO	GEL	GEORGIA	Lari	981	Yes	Tbilisi	AS	.ge	"ka,ru,hy,az"	614540
Germany	Germany	Allemagne		DE	DEU	49	GER	GM	93	GER	EUR	GERMANY	Euro	978	Yes	Berlin	EU	.de	de	2921044
Ghana	Ghana	Ghana		GH	GHA	233	GHA	GH	94	GHA	GHS	GHANA	Ghana Cedi	936	Yes	Accra	AF	.gh	"en-GH,ak,ee,tw"	2300660
Gibraltar	Gibraltar	Gibraltar		GI	GIB	350	GBZ	GI	95	GIB	GIP	GIBRALTAR	Gibraltar Pound	292	Territory of GB	Gibraltar	EU	.gi	"en-GI,es,it,pt"	2411586
Greece	Greece	Grèce		GR	GRC	30	GRE	GR	97	GRE	EUR	GREECE	Euro	978	Yes	Athens	EU	.gr	"el-GR,en,fr"	390903
Greenland	Greenland	Groenland		GL	GRL	299	GRL	GL	98	GRL	DKK	GREENLAND	Danish Krone	208	Part of DK	Nuuk	NA	.gl	"kl,da-GL,en"	3425505
Grenada	Grenada	Grenade		GD	GRD	1-473	GRN	GJ	99	GRN	XCD	GRENADA	East Caribbean Dollar	951	Yes	St. George's	NA	.gd	en-GD	3580239
Guadeloupe	Guadeloupe	Guadeloupe		GP	GLP	590	GLP	GP	100	GUD	EUR	GUADELOUPE	Euro	978	Part of FR	Basse-Terre	NA	.gp	fr-GP	3579143
Guam	Guam	Guam		GU	GUM	1-671	GUM	GQ	101	GUM	USD	GUAM	US Dollar	840	Territory of US	Hagatna	OC	.gu	"en-GU,ch-GU"	4043988
Guatemala	Guatemala	Guatemala		GT	GTM	502	GUA	GT	103	GUA	GTQ	GUATEMALA	Quetzal	320	Yes	Guatemala City	NA	.gt	es-GT	3595528
Guernsey	Guernsey	Guernesey		GG	GGY	44	GBG	GK	104		GBP	GUERNSEY	Pound Sterling	826	Crown dependency of GB	St Peter Port	EU	.gg	"en,fr"	3042362
Guinea	Guinea	Guinée		GN	GIN	224	GUI	GV	106	GUI	GNF	GUINEA	Guinea Franc	324	Yes	Conakry	AF	.gn	fr-GN	2420477
Guinea-Bissau	Guinea-Bissau	Guinée-Bissau		GW	GNB	245	GNB	PU	105	GBS	XOF	GUINEA-BISSAU	CFA Franc BCEAO	952	Yes	Bissau	AF	.gw	"pt-GW,pov"	2372248
Guyana	Guyana	Guyana		GY	GUY	592	GUY	GY	107	GUY	GYD	GUYANA	Guyana Dollar	328	Yes	Georgetown	SA	.gy	en-GY	3378535
Haiti	Haiti	Haïti		HT	HTI	509	HAI	HA	108	HAI	USD	HAITI	US Dollar	840	Yes	Port-au-Prince	NA	.ht	"ht,fr-HT"	3723988
Heard & McDonald Islands				HM	HMD	672		HM	109						Territory of AU		AN	.hm		1547314
Honduras	Honduras	Honduras		HN	HND	504	HON	HO	111	HON	HNL	HONDURAS	Lempira	340	Yes	Tegucigalpa	NA	.hn	es-HN	3608932
Hong Kong	"China, Hong Kong Special Administrative Region"	"Chine, région administrative spéciale de Hong Kong"		HK	HKG	852	HKG	HK	33364	HKG					Part of CN	Hong Kong	AS	.hk	"zh-HK,yue,zh,en"	1819730
Hungary	Hungary	Hongrie		HU	HUN	36	HUN	HU	113	HUN	HUF	HUNGARY	Forint	348	Yes	Budapest	EU	.hu	hu-HU	719819
Iceland	Iceland	Islande		IS	ISL	354	ISL	IC	114	ISL	ISK	ICELAND	Iceland Krona	352	Yes	Reykjavik	EU	.is	"is,en,de,da,sv,no"	2629691
India	India	Inde		IN	IND	91	IND	IN	115	IND	INR	INDIA	Indian Rupee	356	Yes	New Delhi	AS	.in	"en-IN,hi,bn,te,mr,ta,ur,gu,kn,ml,or,pa,as,bh,sat,ks,ne,sd,kok,doi,mni,sit,sa,fr,lus,inc"	1269750
Indonesia	Indonesia	Indonésie		ID	IDN	62	IDN	ID	116	INA	IDR	INDONESIA	Rupiah	360	Yes	Jakarta	AS	.id	"id,en,nl,jv"	1643084
Iran	Iran (Islamic Republic of)	Iran (République islamique d')		IR	IRN	98	IRN	IR	117	IRI	IRR	"IRAN, ISLAMIC REPUBLIC OF"	Iranian Rial	364	Yes	Tehran	AS	.ir	"fa-IR,ku"	130758
Iraq	Iraq	Iraq		IQ	IRQ	964	IRQ	IZ	118	IRQ	IQD	IRAQ	Iraqi Dinar	368	Yes	Baghdad	AS	.iq	"ar-IQ,ku,hy"	99237
Ireland	Ireland	Irlande		IE	IRL	353	IRL	EI	119	IRL	EUR	IRELAND	Euro	978	Yes	Dublin	EU	.ie	"en-IE,ga-IE"	2963597
Isle of Man	Isle of Man	Île de Man		IM	IMN	44	GBM	IM	120		GBP	ISLE OF MAN	Pound Sterling	826	Crown dependency of GB	Douglas	EU	.im	"en,gv"	3042225
Israel	Israel	Israël		IL	ISR	972	ISR	IS	121	ISR	ILS	ISRAEL	New Israeli Sheqel	376	Yes	Jerusalem	AS	.il	"he,ar-IL,en-IL,"	294640
Italy	Italy	Italie		IT	ITA	39	ITA	IT	122	ITA	EUR	ITALY	Euro	978	Yes	Rome	EU	.it	"it-IT,de-IT,fr-IT,sc,ca,co,sl"	3175395
Jamaica	Jamaica	Jamaïque		JM	JAM	1-876	JAM	JM	123	JAM	JMD	JAMAICA	Jamaican Dollar	388	Yes	Kingston	NA	.jm	en-JM	3489940
Japan	Japan	Japon		JP	JPN	81	JPN	JA	126	JPN	JPY	JAPAN	Yen	392	Yes	Tokyo	AS	.jp	ja	1861060
Jersey	Jersey	Jersey		JE	JEY	44	GBJ	JE	128		GBP	JERSEY	Pound Sterling	826	Crown dependency of GB	Saint Helier	EU	.je	"en,pt"	3042142
Jordan	Jordan	Jordanie		JO	JOR	962	JOR	JO	130	JOR	JOD	JORDAN	Jordanian Dinar	400	Yes	Amman	AS	.jo	"ar-JO,en"	248816
Kazakhstan	Kazakhstan	Kazakhstan		KZ	KAZ	7	KAZ	KZ	132	KAZ	KZT	KAZAKHSTAN	Tenge	398	Yes	Astana	AS	.kz	"kk,ru"	1522867
Kenya	Kenya	Kenya		KE	KEN	254	KEN	KE	133	KEN	KES	KENYA	Kenyan Shilling	404	Yes	Nairobi	AF	.ke	"en-KE,sw-KE"	192950
Kiribati	Kiribati	Kiribati		KI	KIR	686	KIR	KR	135	KIR	AUD	KIRIBATI	Australian Dollar	36	Yes	Tarawa	OC	.ki	"en-KI,gil"	4030945
Kuwait	Kuwait	Koweït		KW	KWT	965	KUW	KU	137	KUW	KWD	KUWAIT	Kuwaiti Dinar	414	Yes	Kuwait City	AS	.kw	"ar-KW,en"	285570
Kyrgyzstan	Kyrgyzstan	Kirghizistan		KG	KGZ	996	KGZ	KG	138	KGZ	KGS	KYRGYZSTAN	Som	417	Yes	Bishkek	AS	.kg	"ky,uz,ru"	1527747
Laos	Lao People's Democratic Republic	République démocratique populaire lao		LA	LAO	856	LAO	LA	139	LAO	LAK	LAO PEOPLE’S DEMOCRATIC REPUBLIC	Kip	418	Yes	Vientiane	AS	.la	"lo,fr,en"	1655842
Latvia	Latvia	Lettonie		LV	LVA	371	LVA	LG	140	LAT	EUR	LATVIA	Euro	978	Yes	Riga	EU	.lv	"lv,ru,lt"	458258
Lebanon	Lebanon	Liban		LB	LBN	961	LIB	LE	141	LIB	LBP	LEBANON	Lebanese Pound	422	Yes	Beirut	AS	.lb	"ar-LB,fr-LB,en,hy"	272103
Lesotho	Lesotho	Lesotho		LS	LSO	266	LES	LT	142	LES	ZAR	LESOTHO	Rand	710	Yes	Maseru	AF	.ls	"en-LS,st,zu,xh"	932692
Liberia	Liberia	Libéria		LR	LBR	231	LBR	LI	144	LBR	LRD	LIBERIA	Liberian Dollar	430	Yes	Monrovia	AF	.lr	en-LR	2275384
Libya	Libya	Libye		LY	LBY	218	LBY	LY	145	LBA	LYD	LIBYA	Libyan Dinar	434	Yes	Tripoli	AF	.ly	"ar-LY,it,en"	2215636
Liechtenstein	Liechtenstein	Liechtenstein		LI	LIE	423	LIE	LS	146	LIE	CHF	LIECHTENSTEIN	Swiss Franc	756	Yes	Vaduz	EU	.li	de-LI	3042058
Lithuania	Lithuania	Lituanie		LT	LTU	370	LTU	LH	147	LTU	EUR	LITHUANIA	Euro	978	Yes	Vilnius	EU	.lt	"lt,ru,pl"	597427
Luxembourg	Luxembourg	Luxembourg		LU	LUX	352	LUX	LU	148	LUX	EUR	LUXEMBOURG	Euro	978	Yes	Luxembourg	EU	.lu	"lb,de-LU,fr-LU"	2960313
Macau	"China, Macao Special Administrative Region"	"Chine, région administrative spéciale de Macao"		MO	MAC	853	MAC	MC	149	MAC	MOP	MACAO	Pataca	446	Part of CN	Macao	AS	.mo	"zh,zh-MO,pt"	1821275
Macedonia	The former Yugoslav Republic of Macedonia	Ex-République yougoslave de Macédoine		MK	MKD	389	MKD	MK	241	MKD	MKD	"MACEDONIA, THE FORMER YUGOSLAV REPUBLIC OF"	Denar	807	Yes	Skopje	EU	.mk	"mk,sq,tr,rmm,sr"	718075
Madagascar	Madagascar	Madagascar		MG	MDG	261	MAD	MA	150	MAD	MGA	MADAGASCAR	Malagasy Ariary	969	Yes	Antananarivo	AF	.mg	"fr-MG,mg"	1062947
Malawi	Malawi	Malawi		MW	MWI	265	MWI	MI	152	MAW	MWK	MALAWI	Kwacha	454	Yes	Lilongwe	AF	.mw	"ny,yao,tum,swk"	927384
Malaysia	Malaysia	Malaisie		MY	MYS	60	MAS	MY	153	MAS	MYR	MALAYSIA	Malaysian Ringgit	458	Yes	Kuala Lumpur	AS	.my	"ms-MY,en,zh,ta,te,ml,pa,th"	1733045
Maldives	Maldives	Maldives		MV	MDV	960	MDV	MV	154	MDV	MVR	MALDIVES	Rufiyaa	462	Yes	Male	AS	.mv	"dv,en"	1282028
Mali	Mali	Mali		ML	MLI	223	MLI	ML	155	MLI	XOF	MALI	CFA Franc BCEAO	952	Yes	Bamako	AF	.ml	"fr-ML,bm"	2453866
Malta	Malta	Malte		MT	MLT	356	MLT	MT	156	MLT	EUR	MALTA	Euro	978	Yes	Valletta	EU	.mt	"mt,en-MT"	2562770
Marshall Islands	Marshall Islands	Îles Marshall		MH	MHL	692	MHL	RM	157	MSH	USD	MARSHALL ISLANDS	US Dollar	840	Yes	Majuro	OC	.mh	"mh,en-MH"	2080185
Martinique	Martinique	Martinique		MQ	MTQ	596	MTQ	MB	158	MRT	EUR	MARTINIQUE	Euro	978	Part of FR	Fort-de-France	NA	.mq	fr-MQ	3570311
Mauritania	Mauritania	Mauritanie		MR	MRT	222	MTN	MR	159	MTN	MRO	MAURITANIA	Ouguiya	478	Yes	Nouakchott	AF	.mr	"ar-MR,fuc,snk,fr,mey,wo"	2378080
Mauritius	Mauritius	Maurice		MU	MUS	230	MRI	MP	160	MRI	MUR	MAURITIUS	Mauritius Rupee	480	Yes	Port Louis	AF	.mu	"en-MU,bho,fr"	934292
Mayotte	Mayotte	Mayotte		YT	MYT	262	MYT	MF	161	MAY	EUR	MAYOTTE	Euro	978	Part of FR	Mamoudzou	AF	.yt	fr-YT	1024031
Mexico	Mexico	Mexique		MX	MEX	52	MEX	MX	162	MEX	MXN	MEXICO	Mexican Peso	484	Yes	Mexico City	NA	.mx	es-MX	3996063
Micronesia	Micronesia (Federated States of)	Micronésie (États fédérés de)		FM	FSM	691	FSM	FM	163	FSM	USD	"MICRONESIA, FEDERATED STATES OF"	US Dollar	840	Yes	Palikir	OC	.fm	"en-FM,chk,pon,yap,kos,uli,woe,nkr,kpg"	2081918
Moldova	Republic of Moldova	République de Moldova		MD	MDA	373	MDA	MD	165	MDA	MDL	"MOLDOVA, REPUBLIC OF"	Moldovan Leu	498	Yes	Chisinau	EU	.md	"ro,ru,gag,tr"	617790
Monaco	Monaco	Monaco		MC	MCO	377	MON	MN	166	MON	EUR	MONACO	Euro	978	Yes	Monaco	EU	.mc	"fr-MC,en,it"	2993457
Mongolia	Mongolia	Mongolie		MN	MNG	976	MNG	MG	167	MGL	MNT	MONGOLIA	Tugrik	496	Yes	Ulan Bator	AS	.mn	"mn,ru"	2029969
Montenegro	Montenegro	Monténégro		ME	MNE	382	MNE	MJ	2647	MGO	EUR	MONTENEGRO	Euro	978	Yes	Podgorica	EU	.me	"sr,hu,bs,sq,hr,rom"	3194884
Montserrat	Montserrat	Montserrat		MS	MSR	1-664	MSR	MH	168	MNT	XCD	MONTSERRAT	East Caribbean Dollar	951	Territory of GB	Plymouth	NA	.ms	en-MS	3578097
Morocco	Morocco	Maroc		MA	MAR	212	MAR	MO	169	MAR	MAD	MOROCCO	Moroccan Dirham	504	Yes	Rabat	AF	.ma	"ar-MA,ber,fr"	2542007
Mozambique	Mozambique	Mozambique		MZ	MOZ	258	MOZ	MZ	170	MOZ	MZN	MOZAMBIQUE	Mozambique Metical	943	Yes	Maputo	AF	.mz	"pt-MZ,vmw"	1036973
Myanmar	Myanmar	Myanmar		MM	MMR	95	MYA	BM	171	MYA	MMK	MYANMAR	Kyat	104	Yes	Nay Pyi Taw	AS	.mm	my	1327865
Namibia	Namibia	Namibie		NA	NAM	264	NAM	WA	172	NAM	ZAR	NAMIBIA	Rand	710	Yes	Windhoek	AF	.na	"en-NA,af,de,hz,naq"	3355338
Nauru	Nauru	Nauru		NR	NRU	674	NRU	NR	173	NRU	AUD	NAURU	Australian Dollar	36	Yes	Yaren	OC	.nr	"na,en-NR"	2110425
Nepal	Nepal	Népal		NP	NPL	977	NEP	NP	175	NEP	NPR	NEPAL	Nepalese Rupee	524	Yes	Kathmandu	AS	.np	"ne,en"	1282988
Netherlands	Netherlands	Pays-Bas		NL	NLD	31	NED	NL	177	NED	EUR	NETHERLANDS	Euro	978	Yes	Amsterdam	EU	.nl	"nl-NL,fy-NL"	2750405
New Caledonia	New Caledonia	Nouvelle-Calédonie		NC	NCL	687	NCL	NC	178	NCD	XPF	NEW CALEDONIA	CFP Franc	953	Territory of FR	Noumea	OC	.nc	fr-NC	2139685
New Zealand	New Zealand	Nouvelle-Zélande		NZ	NZL	64	NZL	NZ	179	NZL	NZD	NEW ZEALAND	New Zealand Dollar	554	Yes	Wellington	OC	.nz	"en-NZ,mi"	2186224
Nicaragua	Nicaragua	Nicaragua		NI	NIC	505	NCA	NU	180	NCA	NIO	NICARAGUA	Cordoba Oro	558	Yes	Managua	NA	.ni	"es-NI,en"	3617476
Niger	Niger	Niger		NE	NER	227	NIG	NG	181	NIG	XOF	NIGER	CFA Franc BCEAO	952	Yes	Niamey	AF	.ne	"fr-NE,ha,kr,dje"	2440476
Nigeria	Nigeria	Nigéria		NG	NGA	234	NGA	NI	182	NGR	NGN	NIGERIA	Naira	566	Yes	Abuja	AF	.ng	"en-NG,ha,yo,ig,ff"	2328926
Niue	Niue	Nioué		NU	NIU	683	NIU	NE	183	NIU	NZD	NIUE	New Zealand Dollar	554	Associated with NZ	Alofi	OC	.nu	"niu,en-NU"	4036232
Norfolk Island	Norfolk Island	Île Norfolk		NF	NFK	672	NFK	NF	184	NFI	AUD	NORFOLK ISLAND	Australian Dollar	36	Territory of AU	Kingston	OC	.nf	en-NF	2155115
North Korea	Democratic People's Republic of Korea	République populaire démocratique de Corée		KP	PRK	850	PRK	KN	67	PRK	KPW	"KOREA, DEMOCRATIC PEOPLE’S REPUBLIC OF"	North Korean Won	408	Yes	Pyongyang	AS	.kp	ko-KP	1873107
Northern Mariana Islands	Northern Mariana Islands	Îles Mariannes septentrionales		MP	MNP	1-670	NMI	CQ	185	NMA	USD	NORTHERN MARIANA ISLANDS	US Dollar	840	Commonwealth of US	Saipan	OC	.mp	"fil,tl,zh,ch-MP,en-MP"	4041468
Norway	Norway	Norvège		NO	NOR	47	NOR	NO	186	NOR	NOK	NORWAY	Norwegian Krone	578	Yes	Oslo	EU	.no	"no,nb,nn,se,fi"	3144096
Oman	Oman	Oman		OM	OMN	968	OMA	MU	187	OMA	OMR	OMAN	Rial Omani	512	Yes	Muscat	AS	.om	"ar-OM,en,bal,ur"	286963
Pakistan	Pakistan	Pakistan		PK	PAK	92	PAK	PK	188	PAK	PKR	PAKISTAN	Pakistan Rupee	586	Yes	Islamabad	AS	.pk	"ur-PK,en-PK,pa,sd,ps,brh"	1168579
Palau	Palau	Palaos		PW	PLW	680	PLW	PS	189	PLW	USD	PALAU	US Dollar	840	Yes	Melekeok	OC	.pw	"pau,sov,en-PW,tox,ja,fil,zh"	1559582
Palestine	State of Palestine	État de Palestine		PS	PSE	970	PLE	"GZ,WE"	"91,267"	PLE		"PALESTINE, STATE OF"	No universal currency		In contention	East Jerusalem	AS	.ps	ar-PS	6254930
Panama	Panama	Panama		PA	PAN	507	PAN	PM	191	PAN	USD	PANAMA	US Dollar	840	Yes	Panama City	NA	.pa	"es-PA,en"	3703430
Papua New Guinea	Papua New Guinea	Papouasie-Nouvelle-Guinée		PG	PNG	675	PNG	PP	192	PNG	PGK	PAPUA NEW GUINEA	Kina	598	Yes	Port Moresby	OC	.pg	"en-PG,ho,meu,tpi"	2088628
Paraguay	Paraguay	Paraguay		PY	PRY	595	PAR	PA	194	PAR	PYG	PARAGUAY	Guarani	600	Yes	Asuncion	SA	.py	"es-PY,gn"	3437598
Peru	Peru	Pérou		PE	PER	51	PER	PE	195	PER	PEN	PERU	Nuevo Sol	604	Yes	Lima	SA	.pe	"es-PE,qu,ay"	3932488
Philippines	Philippines	Philippines		PH	PHL	63	PHI	RP	196	PHI	PHP	PHILIPPINES	Philippine Peso	608	Yes	Manila	AS	.ph	"tl,en-PH,fil"	1694008
Pitcairn Islands	Pitcairn	Pitcairn		PN	PCN	870	PCN	PC	197		NZD	PITCAIRN	New Zealand Dollar	554	Territory of GB	Adamstown	OC	.pn	en-PN	4030699
Poland	Poland	Pologne		PL	POL	48	POL	PL	198	POL	PLN	POLAND	Zloty	985	Yes	Warsaw	EU	.pl	pl	798544
Portugal	Portugal	Portugal		PT	PRT	351	POR	PO	199	POR	EUR	PORTUGAL	Euro	978	Yes	Lisbon	EU	.pt	"pt-PT,mwl"	2264397
Puerto Rico	Puerto Rico	Porto Rico		PR	PRI	1	PUR	RQ	200	PUR	USD	PUERTO RICO	US Dollar	840	Commonwealth of US	San Juan	NA	.pr	"en-PR,es-PR"	4566966
Qatar	Qatar	Qatar		QA	QAT	974	QAT	QA	201	QAT	QAR	QATAR	Qatari Rial	634	Yes	Doha	AS	.qa	"ar-QA,es"	289688
Romania	Romania	Roumanie		RO	ROU	40	ROU	RO	203	ROU	RON	ROMANIA	New Romanian Leu	946	Yes	Bucharest	EU	.ro	"ro,hu,rom"	798549
Russia	Russian Federation	Fédération de Russie		RU	RUS	7	RUS	RS	204	RUS	RUB	RUSSIAN FEDERATION	Russian Ruble	643	Yes	Moscow	EU	.ru	"ru,tt,xal,cau,ady,kv,ce,tyv,cv,udm,tut,mns,bua,myv,mdf,chm,ba,inh,tut,kbd,krc,ava,sah,nog"	2017370
Rwanda	Rwanda	Rwanda		RW	RWA	250	RWA	RW	205	RWA	RWF	RWANDA	Rwanda Franc	646	Yes	Kigali	AF	.rw	"rw,en-RW,fr-RW,sw"	49518
Réunion	Réunion	Réunion		RE	REU	262	REU	RE	206	REU	EUR	RÉUNION	Euro	978	Part of FR	Saint-Denis	AF	.re	fr-RE	935317
Samoa	Samoa	Samoa		WS	WSM	685	SAM	WS	212	SAM	WST	SAMOA	Tala	882	Yes	Apia	OC	.ws	"sm,en-WS"	4034894
San Marino	San Marino	Saint-Marin		SM	SMR	378	SMR	SM	213	SMR	EUR	SAN MARINO	Euro	978	Yes	San Marino	EU	.sm	it-SM	3168068
Saudi Arabia	Saudi Arabia	Arabie saoudite		SA	SAU	966	KSA	SA	215	KSA	SAR	SAUDI ARABIA	Saudi Riyal	682	Yes	Riyadh	AS	.sa	ar-SA	102358
Senegal	Senegal	Sénégal		SN	SEN	221	SEN	SG	217	SEN	XOF	SENEGAL	CFA Franc BCEAO	952	Yes	Dakar	AF	.sn	"fr-SN,wo,fuc,mnk"	2245662
Serbia	Serbia	Serbie		RS	SRB	381 p	SRB	"RI,KV"	2648	SRB	RSD	SERBIA	Serbian Dinar	941	Yes	Belgrade	EU	.rs	"sr,hu,bs,rom"	6290252
Seychelles	Seychelles	Seychelles		SC	SYC	248	SEY	SE	220	SEY	SCR	SEYCHELLES	Seychelles Rupee	690	Yes	Victoria	AF	.sc	"en-SC,fr-SC"	241170
Sierra Leone	Sierra Leone	Sierra Leone		SL	SLE	232	SLE	SL	221	SLE	SLL	SIERRA LEONE	Leone	694	Yes	Freetown	AF	.sl	"en-SL,men,tem"	2403846
Singapore	Singapore	Singapour		SG	SGP	65	SIN	SN	222	SIN	SGD	SINGAPORE	Singapore Dollar	702	Yes	Singapore	AS	.sg	"cmn,en-SG,ms-SG,ta-SG,zh-SG"	1880251
Sint Maarten	Sint Maarten (Dutch part)	Saint-Martin (partie néerlandaise)		SX	SXM	1-721		NN			ANG	SINT MAARTEN (DUTCH PART)	Netherlands Antillean Guilder	532	Part of NL	Philipsburg	NA	.sx	"nl,en"	7609695
Slovakia	Slovakia	Slovaquie		SK	SVK	421	SVK	LO	223	SVK	EUR	SLOVAKIA	Euro	978	Yes	Bratislava	EU	.sk	"sk,hu"	3057568
Slovenia	Slovenia	Slovénie		SI	SVN	386	SVN	SI	224	SLO	EUR	SLOVENIA	Euro	978	Yes	Ljubljana	EU	.si	"sl,sh"	3190538
Solomon Islands	Solomon Islands	Îles Salomon		SB	SLB	677	SOL	BP	225	SOL	SBD	SOLOMON ISLANDS	Solomon Islands Dollar	90	Yes	Honiara	OC	.sb	"en-SB,tpi"	2103350
Somalia	Somalia	Somalie		SO	SOM	252	SOM	SO	226	SOM	SOS	SOMALIA	Somali Shilling	706	Yes	Mogadishu	AF	.so	"so-SO,ar-SO,it,en-SO"	51537
South Africa	South Africa	Afrique du Sud		ZA	ZAF	27	RSA	SF	227	RSA	ZAR	SOUTH AFRICA	Rand	710	Yes	Pretoria	AF	.za	"zu,xh,af,nso,en-ZA,tn,st,ts,ss,ve,nr"	953987
South Georgia & South Sandwich Islands				GS	SGS	500		SX	228						Territory of GB	Grytviken	AN	.gs	en	3474415
South Korea	Republic of Korea	République de Corée		KR	KOR	82	KOR	KS	202	KOR	KRW	"KOREA, REPUBLIC OF"	Won	410	Yes	Seoul	AS	.kr	"ko-KR,en"	1835841
South Sudan	South Sudan	Soudan du Sud		SS	SSD	211		OD			SSP	SOUTH SUDAN	South Sudanese Pound	728	Yes	Juba	AF		en	7909807
Spain	Spain	Espagne		ES	ESP	34	ESP	SP	229	ESP	EUR	SPAIN	Euro	978	Yes	Madrid	EU	.es	"es-ES,ca,gl,eu,oc"	2510769
Sri Lanka	Sri Lanka	Sri Lanka		LK	LKA	94	SRI	CE	231	SRI	LKR	SRI LANKA	Sri Lanka Rupee	144	Yes	Colombo	AS	.lk	"si,ta,en"	1227603
St. Barthélemy	Saint Barthélemy	Saint-Barthélemy		BL	BLM	590		TB			EUR	SAINT BARTHÉLEMY	Euro	978	Part of FR	Gustavia	NA	.gp	fr	3578476
St. Helena	Saint Helena	Sainte-Hélène		SH	SHN	290 n	SHN	SH	207	HEL	SHP	"SAINT HELENA, ASCENSION AND TRISTAN DA CUNHA"	Saint Helena Pound	654	Territory of GB	Jamestown	AF	.sh	en-SH	3370751
St. Kitts & Nevis	Saint Kitts and Nevis	Saint-Kitts-et-Nevis		KN	KNA	1-869	SKN	SC	208	SKN	XCD	SAINT KITTS AND NEVIS	East Caribbean Dollar	951	Yes	Basseterre	NA	.kn	en-KN	3575174
St. Lucia	Saint Lucia	Sainte-Lucie		LC	LCA	1-758	LCA	ST	209	LCA	XCD	SAINT LUCIA	East Caribbean Dollar	951	Yes	Castries	NA	.lc	en-LC	3576468
St. Martin	Saint Martin (French part)	Saint-Martin (partie française)		MF	MAF	590		RN			EUR	SAINT MARTIN (FRENCH PART)	Euro	978	Part of FR	Marigot	NA	.gp	fr	3578421
St. Pierre & Miquelon	Saint Pierre and Miquelon	Saint-Pierre-et-Miquelon		PM	SPM	508	SPM	SB	210	SPM	EUR	SAINT PIERRE AND MIQUELON	Euro	978	Part of FR	Saint-Pierre	NA	.pm	fr-PM	3424932
St. Vincent & Grenadines	Saint Vincent and the Grenadines	Saint-Vincent-et-les Grenadines		VC	VCT	1-784	VIN	VC	211	VIN	XCD	SAINT VINCENT AND THE GRENADINES	East Caribbean Dollar	951	Yes	Kingstown	NA	.vc	"en-VC,fr"	3577815
Sudan	Sudan	Soudan		SD	SDN	249	SUD	SU	40764	SUD	SDG	SUDAN	Sudanese Pound	938	Yes	Khartoum	AF	.sd	"ar-SD,en,fia"	366755
Suriname	Suriname	Suriname		SR	SUR	597	SUR	NS	233	SUR	SRD	SURINAME	Surinam Dollar	968	Yes	Paramaribo	SA	.sr	"nl-SR,en,srn,hns,jv"	3382998
Svalbard & Jan Mayen	Svalbard and Jan Mayen Islands	Îles Svalbard-et-Jan Mayen		SJ	SJM	47		"SV,JN"	234		NOK	SVALBARD AND JAN MAYEN	Norwegian Krone	578	Territory of NO	Longyearbyen	EU	.sj	"no,ru"	607072
Swaziland	Swaziland	Swaziland		SZ	SWZ	268	SWZ	WZ	235	SWZ	SZL	SWAZILAND	Lilangeni	748	Yes	Mbabane	AF	.sz	"en-SZ,ss-SZ"	934841
Sweden	Sweden	Suède		SE	SWE	46	SWE	SW	236	SWE	SEK	SWEDEN	Swedish Krona	752	Yes	Stockholm	EU	.se	"sv-SE,se,sma,fi-SE"	2661886
Switzerland	Switzerland	Suisse		CH	CHE	41	SUI	SZ	237	SUI	CHF	SWITZERLAND	Swiss Franc	756	Yes	Bern	EU	.ch	"de-CH,fr-CH,it-CH,rm"	2658434
Syria	Syrian Arab Republic	République arabe syrienne		SY	SYR	963	SYR	SY	238	SYR	SYP	SYRIAN ARAB REPUBLIC	Syrian Pound	760	Yes	Damascus	AS	.sy	"ar-SY,ku,hy,arc,fr,en"	163843
São Tomé & Príncipe	Sao Tome and Principe	Sao Tomé-et-Principe		ST	STP	239	STP	TP	214	STP	STD	SAO TOME AND PRINCIPE	Dobra	678	Yes	Sao Tome	AF	.st	pt-ST	2410758
Taiwan				TW	TWN	886	TPE	TW	925	TPE					Yes	Taipei	AS	.tw	"zh-TW,zh,nan,hak"	1668284
Tajikistan	Tajikistan	Tadjikistan		TJ	TJK	992	TJK	TI	239	TJK	TJS	TAJIKISTAN	Somoni	972	Yes	Dushanbe	AS	.tj	"tg,ru"	1220409
Tanzania	United Republic of Tanzania	République-Unie de Tanzanie		TZ	TZA	255	TAN	TZ	257	TAN	TZS	"TANZANIA, UNITED REPUBLIC OF"	Tanzanian Shilling	834	Yes	Dodoma	AF	.tz	"sw-TZ,en,ar"	149590
Thailand	Thailand	Thaïlande		TH	THA	66	THA	TH	240	THA	THB	THAILAND	Baht	764	Yes	Bangkok	AS	.th	"th,en"	1605651
Timor-Leste	Timor-Leste	Timor-Leste		TL	TLS	670	TLS	TT	242	TLS	USD	TIMOR-LESTE	US Dollar	840	Yes	Dili	OC	.tl	"tet,pt-TL,id,en"	1966436
Togo	Togo	Togo		TG	TGO	228	TOG	TO	243	TOG	XOF	TOGO	CFA Franc BCEAO	952	Yes	Lome	AF	.tg	"fr-TG,ee,hna,kbp,dag,ha"	2363686
Tokelau	Tokelau	Tokelau		TK	TKL	690	TKL	TL	244		NZD	TOKELAU	New Zealand Dollar	554	Territory of NZ		OC	.tk	"tkl,en-TK"	4031074
Tonga	Tonga	Tonga		TO	TON	676	TGA	TN	245	TGA	TOP	TONGA	Pa’anga	776	Yes	Nuku'alofa	OC	.to	"to,en-TO"	4032283
Trinidad & Tobago	Trinidad and Tobago	Trinité-et-Tobago		TT	TTO	1-868	TRI	TD	246	TTO	TTD	TRINIDAD AND TOBAGO	Trinidad and Tobago Dollar	780	Yes	Port of Spain	NA	.tt	"en-TT,hns,fr,es,zh"	3573591
Tunisia	Tunisia	Tunisie		TN	TUN	216	TUN	TS	248	TUN	TND	TUNISIA	Tunisian Dinar	788	Yes	Tunis	AF	.tn	"ar-TN,fr"	2464461
Turkey	Turkey	Turquie		TR	TUR	90	TUR	TU	249	TUR	TRY	TURKEY	Turkish Lira	949	Yes	Ankara	AS	.tr	"tr-TR,ku,diq,az,av"	298795
Turkmenistan	Turkmenistan	Turkménistan		TM	TKM	993	TKM	TX	250	TKM	TMT	TURKMENISTAN	Turkmenistan New Manat	934	Yes	Ashgabat	AS	.tm	"tk,ru,uz"	1218197
Turks & Caicos Islands	Turks and Caicos Islands	Îles Turques-et-Caïques		TC	TCA	1-649	TCA	TK	251	TKS	USD	TURKS AND CAICOS ISLANDS	US Dollar	840	Territory of GB	Cockburn Town	NA	.tc	en-TC	3576916
Tuvalu	Tuvalu	Tuvalu		TV	TUV	688	TUV	TV	252	TUV	AUD	TUVALU	Australian Dollar	36	Yes	Funafuti	OC	.tv	"tvl,en,sm,gil"	2110297
U.S. Outlying Islands				UM	UMI			"FQ,HQ,DQ,JQ,KQ,MQ,BQ,LQ,WQ"							Territories of US		OC	.um	en-UM	5854968
U.S. Virgin Islands	United States Virgin Islands	Îles Vierges américaines		VI	VIR	1-340	VIR	VQ	258	ISV	USD	VIRGIN ISLANDS (U.S.)	US Dollar	840	Territory of US	Charlotte Amalie	NA	.vi	en-VI	4796775
United Kingdom	United Kingdom of Great Britain and Northern Ireland	Royaume-Uni de Grande-Bretagne et d'Irlande du Nord	Great Britain	GB	GBR	44	"ENG,NIR,SCO,WAL"	UK	256	GBR	GBP	UNITED KINGDOM	Pound Sterling	826	Yes	London	EU	.uk	"en-GB,cy-GB,gd"	2635167
United States	United States of America	États-Unis d'Amérique	America	US	USA	1	USA	US	259	USA	USD	UNITED STATES	US Dollar	840	Yes	Washington	NA	.us	"en-US,es-US,haw,fr"	6252001
Uganda	Uganda	Ouganda		UG	UGA	256	UGA	UG	253	UGA	UGX	UGANDA	Uganda Shilling	800	Yes	Kampala	AF	.ug	"en-UG,lg,sw,ar"	226074
Ukraine	Ukraine	Ukraine		UA	UKR	380	UKR	UP	254	UKR	UAH	UKRAINE	Hryvnia	980	Yes	Kiev	EU	.ua	"uk,ru-UA,rom,pl,hu"	690791
United Arab Emirates	United Arab Emirates	Émirats arabes unis		AE	ARE	971	UAE	AE	255	UAE	AED	UNITED ARAB EMIRATES	UAE Dirham	784	Yes	Abu Dhabi	AS	.ae	"ar-AE,fa,en,hi,ur"	290557
Uruguay	Uruguay	Uruguay		UY	URY	598	URU	UY	260	URU	UYU	URUGUAY	Peso Uruguayo	858	Yes	Montevideo	SA	.uy	es-UY	3439705
Uzbekistan	Uzbekistan	Ouzbékistan		UZ	UZB	998	UZB	UZ	261	UZB	UZS	UZBEKISTAN	Uzbekistan Sum	860	Yes	Tashkent	AS	.uz	"uz,ru,tg"	1512440
Vanuatu	Vanuatu	Vanuatu		VU	VUT	678	VAN	NH	262	VAN	VUV	VANUATU	Vatu	548	Yes	Port Vila	OC	.vu	"bi,en-VU,fr-VU"	2134431
Vatican City	Holy See	Saint-Siège		VA	VAT	39-06	VAT	VT	110		EUR	HOLY SEE (VATICAN CITY STATE)	Euro	978	Yes	Vatican City	EU	.va	"la,it,fr"	3164670
Venezuela	Venezuela (Bolivarian Republic of)	Venezuela (République bolivarienne du)		VE	VEN	58	VEN	VE	263	VEN	VEF	"VENEZUELA, BOLIVARIAN REPUBLIC OF"	Bolivar	937	Yes	Caracas	SA	.ve	es-VE	3625428
Vietnam	Viet Nam	Viet Nam		VN	VNM	84	VIE	VM	264	VIE	VND	VIET NAM	Dong	704	Yes	Hanoi	AS	.vn	"vi,en,fr,zh,km"	1562822
Wallis & Futuna	Wallis and Futuna Islands	Îles Wallis-et-Futuna		WF	WLF	681	WLF	WF	266	WAF	XPF	WALLIS AND FUTUNA	CFP Franc	953	Territory of FR	Mata Utu	OC	.wf	"wls,fud,fr-WF"	4034749
Western Sahara	Western Sahara	Sahara occidental		EH	ESH	212	SAH	WI	268		MAD	WESTERN SAHARA	Moroccan Dirham	504	In contention	El-Aaiun	AF	.eh	"ar,mey"	2461445
Yemen	Yemen	Yémen		YE	YEM	967	YEM	YM	269	YEM	YER	YEMEN	Yemeni Rial	886	Yes	Sanaa	AS	.ye	ar-YE	69543
Zambia	Zambia	Zambie		ZM	ZMB	260	ZAM	ZA	270	ZAM	ZMW	ZAMBIA	Zambian Kwacha	967	Yes	Lusaka	AF	.zm	"en-ZM,bem,loz,lun,lue,ny,toi"	895949
Zimbabwe	Zimbabwe	Zimbabwe		ZW	ZWE	263	ZIM	ZI	271	ZIM	ZWL	ZIMBABWE	Zimbabwe Dollar	932	Yes	Harare	AF	.zw	"en-ZW,sn,nr,nd"	878675
Åland Islands	Åland Islands	Îles d'Åland		AX	ALA	358	ALD		1242		EUR	ÅLAND ISLANDS	Euro	978	Part of FI	Mariehamn	EU	.ax	sv-AX	661882
Soviet Union	Union of Soviet Socialist Republics			SU	SUN															
Czechoslovakia	Czechoslovakia			CS	CSK															
Yugoslavia	Socialist Federal Republic of Yugoslavia			YU	YUG															
German Democratic Republic	German Democratic Republic		East Germany	DD	DDR															
